<?xml version="1.0" encoding="UTF-8" standalone="no"?>
<Canvas xmlns="http://www.jgrasp.org">
  <Language>Java</Language>
  <ShowTypes>false</ShowTypes>
  <Version>2</Version>
  <Grid>
    <Snap>true</Snap>
    <Show>false</Show>
  </Grid>
  <Scope id="0">
    <Name>main</Name>
    <Signature>([Ljava/lang/String;)V</Signature>
    <DeclaringType>TriangleListApp</DeclaringType>
    <Depth>0</Depth>
  </Scope>
  <Frame>
    <Bounds>
      <AutoSize>true</AutoSize>
      <X>20</X>
      <Y>60</Y>
      <W>714</W>
      <H>130</H>
    </Bounds>
    <Viewer>
      <ScopeID>0</ScopeID>
      <Expression>`local java.util.Scanner` scanFile</Expression>
      <ViewerClass>java__util__Scanner_PresentationView</ViewerClass>
    </Viewer>
  </Frame>
  <Frame>
    <Bounds>
      <AutoSize>true</AutoSize>
      <X>460</X>
      <Y>210</Y>
      <W>74</W>
      <H>50</H>
    </Bounds>
    <LabelLoc>
      <WO>false</WO>
    </LabelLoc>
    <Viewer>
      <ScopeID>0</ScopeID>
      <Expression>`local double` side3</Expression>
      <ViewerClass>_X_ElementView</ViewerClass>
    </Viewer>
  </Frame>
  <Frame>
    <Bounds>
      <AutoSize>true</AutoSize>
      <X>30</X>
      <Y>330</Y>
      <W>505</W>
      <H>153</H>
    </Bounds>
    <Viewer>
      <ScopeID>0</ScopeID>
      <Expression>`local java.util.ArrayList` myList</Expression>
      <ViewerClass>java__lang__Object_LinkedView</ViewerClass>
      <ViewerData>
        <ViewData>
          <Width>133</Width>
        </ViewData>
      </ViewerData>
    </Viewer>
  </Frame>
  <Frame>
    <Bounds>
      <AutoSize>true</AutoSize>
      <X>20</X>
      <Y>210</Y>
      <W>74</W>
      <H>46</H>
    </Bounds>
    <Viewer>
      <ScopeID>0</ScopeID>
      <Expression>`local java.lang.String` triangleListName</Expression>
      <ViewerClass>java__lang__String_FormattedView</ViewerClass>
    </Viewer>
  </Frame>
  <Frame>
    <Bounds>
      <AutoSize>true</AutoSize>
      <X>300</X>
      <Y>210</Y>
      <W>74</W>
      <H>50</H>
    </Bounds>
    <LabelLoc>
      <WO>false</WO>
    </LabelLoc>
    <Viewer>
      <ScopeID>0</ScopeID>
      <Expression>`local double` side1</Expression>
      <ViewerClass>_X_ElementView</ViewerClass>
    </Viewer>
  </Frame>
  <Frame>
    <Bounds>
      <AutoSize>true</AutoSize>
      <X>380</X>
      <Y>210</Y>
      <W>74</W>
      <H>50</H>
    </Bounds>
    <LabelLoc>
      <WO>false</WO>
    </LabelLoc>
    <Viewer>
      <ScopeID>0</ScopeID>
      <Expression>`local double` side2</Expression>
      <ViewerClass>_X_ElementView</ViewerClass>
    </Viewer>
  </Frame>
  <Frame>
    <Bounds>
      <AutoSize>true</AutoSize>
      <X>550</X>
      <Y>210</Y>
      <W>127</W>
      <H>106</H>
    </Bounds>
    <Viewer>
      <ScopeID>0</ScopeID>
      <Expression>`local Triangle` t</Expression>
      <ViewerClass>_X_ElementView</ViewerClass>
    </Viewer>
  </Frame>
  <Frame>
    <Bounds>
      <AutoSize>true</AutoSize>
      <X>30</X>
      <Y>560</Y>
      <W>293</W>
      <H>78</H>
    </Bounds>
    <Viewer>
      <ScopeID>0</ScopeID>
      <Expression>`local TriangleList` myTriangleList</Expression>
      <ViewerClass>_X_ElementView</ViewerClass>
    </Viewer>
  </Frame>
  <Size>
    <W>891</W>
    <H>776</H>
  </Size>
  <ESize>
    <W>891</W>
    <H>776</H>
  </ESize>
</Canvas>
