<?xml version="1.0" encoding="UTF-8" standalone="no"?>
<Canvas xmlns="http://www.jgrasp.org">
  <Language>Java</Language>
  <ShowTypes>false</ShowTypes>
  <Version>2</Version>
  <Grid>
    <Snap>true</Snap>
    <Show>false</Show>
  </Grid>
  <Scope id="0">
    <Name>main</Name>
    <Signature>([Ljava/lang/String;)V</Signature>
    <DeclaringType>ReadLineExample</DeclaringType>
    <Depth>0</Depth>
  </Scope>
  <Frame>
    <Bounds>
      <AutoSize>true</AutoSize>
      <X>50</X>
      <Y>250</Y>
      <W>129</W>
      <H>56</H>
    </Bounds>
    <Viewer>
      <ScopeID>0</ScopeID>
      <Expression>`local java.lang.String` line</Expression>
      <ViewerClass>java__lang__String_FormattedView</ViewerClass>
    </Viewer>
  </Frame>
  <Frame>
    <Bounds>
      <AutoSize>true</AutoSize>
      <X>50</X>
      <Y>32</Y>
      <W>954</W>
      <H>160</H>
    </Bounds>
    <Viewer>
      <ScopeID>0</ScopeID>
      <Expression>`local java.util.Scanner` scan</Expression>
      <ViewerClass>java__util__Scanner_PresentationView</ViewerClass>
    </Viewer>
  </Frame>
  <Size>
    <W>960</W>
    <H>600</H>
  </Size>
  <ESize>
    <W>960</W>
    <H>600</H>
  </ESize>
</Canvas>
